seed,iters,task,num_envs,app_launch_ms,total_start_ms,mean_total_fps,mean_collection_fps,max_rewards,wall_clock_s
42,100,Isaac-Cartpole-v0,4096,6201.641143,10214.961145,275625.43,407756.3720327717,4.9438300132751465,36
123,100,Isaac-Cartpole-v0,4096,6132.700868,10578.989766,277819.75,409247.0003772202,4.9504523277282715,36
456,100,Isaac-Cartpole-v0,4096,6132.516216,10168.13781,272593.91,402675.1065347854,4.948124885559082,37
789,100,Isaac-Cartpole-v0,4096,6135.242248,10530.565183,275321.19,408621.35721880896,4.939030170440674,37
1337,100,Isaac-Cartpole-v0,4096,6220.667194,10242.072523,278251.72,411298.9704145392,4.949234962463379,36
