seed,iters,task,num_envs,app_launch_ms,total_start_ms,mean_total_fps,mean_collection_fps,max_rewards,wall_clock_s
42,100,Isaac-Velocity-Rough-G1-v0,4096,6180.578887,34562.574925,71257.47,76670.48826691265,-0.6611278653144836,179
123,100,Isaac-Velocity-Rough-G1-v0,4096,6172.775855,29712.141228,71259.46,76655.1924874817,-0.5797159075737,173
456,100,Isaac-Velocity-Rough-G1-v0,4096,6196.343822,29553.139033,71587.84,77033.02796830461,-0.6221880912780762,172
789,100,Isaac-Velocity-Rough-G1-v0,4096,6129.778334,29519.197296,71385.17,76804.25218509493,-0.6882494688034058,173
1337,100,Isaac-Velocity-Rough-G1-v0,4096,6217.365052,29621.924164,71810.67,77292.67879266223,-0.6842271685600281,172
